Index,Product Name,Category,Selling Price,Product Url,description
0,"Kurio Glow Smartwatch for Kids with Bluetooth, Apps, Camera & Games, Blue",Toys & Games | Kids' Electronics | Electronic Learning Toys,$31.30,https://www.amazon.com/Kurio-Smartwatch-Bluetooth-Camera-Games/dp/B07TFD5D55,"Kurio Glow Smartwatch: Fun, Safe & Educational!  This kids' smartwatch boasts Bluetooth connectivity, built-in apps & games, and a camera – all in a vibrant blue design. Perfect for learning & play!  #kidssmartwatch #kidselectronics #educationaltoys #kurioglow"
2,Barbie Fashionistas Doll Wear Your Heart,Toys & Games | Dolls & Accessories | Dolls,$15.99,https://www.amazon.com/Barbie-FJF44-Love-Fashion-Doll/dp/B0751ZH2ZT,"Express your style with Barbie Fashionistas Doll Wear Your Heart! This fashionable doll boasts a unique outfit and accessories, perfect for imaginative play.  A great gift for kids aged 3+.  Collect them all! #Barbie #Fashionistas #Doll #Toys #GirlsToys #FashionDoll #Play"
3,"Redcat Racing Aluminum Rear Lower Suspension Arms (2 Piece), Blue",Toys & Games | Hobbies | Remote & App Controlled Vehicles & Parts | Remote & App Controlled Vehicle Parts,$14.40,https://www.amazon.com/Redcat-Racing-Aluminum-Lower-Suspension/dp/B010CYHZZ6,Upgrade your Redcat Racing vehicle's performance with these durable blue aluminum rear lower suspension arms.  This 2-piece set enhances stability and control for a smoother ride.  Perfect for RC enthusiasts seeking improved handling and durability.
4,"Tru-Ray Heavyweight Construction Paper Pad, 10 Assorted Colors, 9"" x 12"", 40 Sheets","Arts, Crafts & Sewing | Crafting | Paper & Paper Crafts | Paper | Construction Paper",$10.10,https://www.amazon.com/Tru-Ray-Heavyweight-Construction-Assorted-Colors/dp/B01ELJGWKW,"Unleash your creativity with Tru-Ray Heavyweight Construction Paper! This 40-sheet pad features 10 vibrant assorted colors on 9""x12"" sheets, perfect for all your crafting needs.  Thick and durable, ideal for a wide range of projects.  Get yours today!"
5,"Shapes Structured Vinyl Soft Seating with Durable Frame- Round Cylinder Stool 18""H- Blue",Home & Kitchen | Furniture | Kids' Furniture | Chairs & Seats | Stools,$146.76,https://www.amazon.com/Sprogs-Vinyl-Seating-Round-SPG-1000BL/dp/B072PTSW9J,"Adorable & Durable Round Blue Stool for Kids!  This 18"" high vinyl-covered cylinder stool features a sturdy frame, perfect for little ones.  Easy to clean and built to last. Ideal for playrooms, bedrooms, and more.  Shop now!"
6,"Mongoose Legion Sidewalk Freestyle BMX Bike for Kids, Children and Beginner-Level Riders, Featuring Hi-Ten Steel Frame, Micro Drive 25x9T or 36x16T BMX Gearing, and 16-18-20-Inch Wheels",Sports & Outdoors | Outdoor Recreation | Cycling | Kids' Bikes & Accessories | Kids' Bikes,$179.99,https://www.amazon.com/Mongoose-Legion-Freestyle-20-Inch-Wheels/dp/B07G1N7237,"Unleash your child's inner BMX rider with the Mongoose Legion Sidewalk Freestyle Bike!  Built with a durable Hi-Ten steel frame and available in 16"", 18"", or 20"" wheel sizes, this bike is perfect for kids and beginners. Featuring Micro Drive gearing (25x9T or 36x16T) for smooth rides, it's ready for sidewalks and beyond.  Get yours today!"
7,Team Redcat 505202 Center Gear for 3Mm Screws (33T).,Hobbies | Remote & App Controlled Vehicles & Parts | Remote & App Controlled Vehicle Parts | Vehicle Bodies & Scale Accessories | Vehicle Scale Accessories,$16.82,https://www.amazon.com/Team-Redcat-Center-Gear-Screw/dp/B01F3M6FN0,"Upgrade your Redcat 3mm screw-compatible RC car with this genuine Team Redcat 505202 33T Center Gear.  Ensures smooth, reliable performance.  Perfect replacement part for repairs and maintenance.  #Redcat #RCcar #RCparts #CenterGear #33T"
8,Mexican Train Dominoes To Go,Toys & Games | Games & Accessories | Tile Games,$17.98,https://www.amazon.com/Mexican-Train-Dominoes-To-Go/dp/B001E747X4,"Take your favorite domino game on the go!  Mexican Train Dominoes To Go provides all the fun of the classic game in a portable and convenient size. Perfect for travel, family gatherings, or anytime you want a quick and engaging game.  Includes everything you need to play."
9,Pirate Buccaneer Sword,Toys & Games | Dress Up & Pretend Play | Pretend Play,$16.52,https://www.amazon.com/Forum-Novelties-Pirate-Buccaneer-Sword/dp/B008D6PUE4,"Shiver me timbers!  Become the ultimate pirate with this realistic Pirate Buccaneer Sword! Perfect for swashbuckling adventures and imaginative pretend play.  Durable, safe, and fun for kids.  Ahoy, matey!"
10,"Qualatex Foil Balloon 13955 Little Man Bow-tie, 18"", Multicolor",Toys & Games | Party Supplies | Balloons,$6.01,https://www.amazon.com/Qualatex-Foil-Balloon-Bow-tie-Multicolor/dp/B00IGA0H9K,"Make your party extra special with this Qualatex Foil Balloon!  This adorable 18"" Little Man Bow-tie balloon in multicolor adds a fun, festive touch to any celebration. Perfect for birthdays, baby showers, or any party needing a whimsical flair.  High-quality foil balloon ensures long-lasting fun. Shop now!"
12,"MightySkins Skin Compatible with Parrot Bebop 2 – Slow Sloth | Protective, Durable, and Unique Vinyl Decal wrap Cover | Easy to Apply, Remove, and Change Styles | Made in The USA",Toys & Games | Hobbies | Remote & App Controlled Vehicles & Parts | Remote & App Controlled Vehicles | Quadcopters & Multirotors,$24.99,https://www.amazon.com/MightySkins-Skin-Parrot-Bebop-Protective/dp/B0759Y6HTR,"Give your Parrot Bebop 2 drone a unique look with this MightySkins Slow Sloth skin!  Durable, protective vinyl decal wraps easily apply & remove, letting you change styles in seconds. Made in the USA.  Perfect for personalization & scratch protection."
13,"Rubie's Marvel Spider-Man Far from Home Child's Mysterio Costume, Large",Toys & Games | Dress Up & Pretend Play | Costumes,$27.99,https://www.amazon.com/Rubies-Marvel-Spider-Man-Mysterio-Costume/dp/B07L91HLH4,"Become the master of illusion! This Rubie's Marvel Spider-Man Far From Home Mysterio Child's Costume (Large) lets your child channel their inner villain.  Perfect for Halloween, dress-up play, or any superhero adventure.  High-quality costume for kids."
14,Funko Pop! Movies: James Bond - Honey Ryder,Toys & Games | Toy Figures & Playsets | Action Figures,$10.00,https://www.amazon.com/Funko-35683-POP-Vinyl-Movies/dp/B07HJ9L3RG,Add Ursula Andress as Honey Ryder to your James Bond Funko Pop! collection. This collectible vinyl figure captures her iconic look from Dr. No. Perfect gift for 007 fans!  #FunkoPop #JamesBond #HoneyRyder #DrNo #CollectibleFigure #ActionFigure #ToyFigure
15,"Sunny Day Puffy Sticker Salon by Horizon Group USA, Multicolor",Toys & Games | Arts & Crafts | Craft Kits,$3.85,https://www.amazon.com/Sunny-Day-Sticker-Horizon-Multicolor/dp/B07DBT2TN2,"Unleash your child's creativity with the Sunny Day Puffy Sticker Salon! This fun craft kit is perfect for hours of imaginative play.  Includes vibrant, puffy stickers for endless design possibilities. Ideal for ages 6+.  #puffystickers #craftsforkids #kidscrafts #stickers #artsandcrafts #horizonusa"
16,amscan Green Sassy Elf Womens Adult Christmas Costume,"Clothing, Shoes & Jewelry | Costumes & Accessories | Women | Costumes & Cosplay Apparel | Costumes",$39.99 - $70.00,https://www.amazon.com/Green-Sassy-Elf-Costume-Large/dp/B0182J47NG,Get sassy this Christmas! This Amscan Green Sassy Elf Women's Adult Costume is perfect for holiday parties and festive gatherings.  Includes dress and accessories.  Shop now for your perfect elf look!
18,"Mary Meyer Putty Nursery Soft Toy, Fox",Toys & Games | Stuffed Animals & Plush Toys | Stuffed Animals & Teddy Bears,$16.50,https://www.amazon.com/Mary-Meyer-Putty-Nursery-Soft/dp/B077J37RVS,"Adorable Mary Meyer Putty Fox plush toy, perfect for nurseries!  Soft, cuddly, and safely made for babies and toddlers.  A sweet stuffed animal gift for newborns and kids. Shop now!"
19,National Geographic Plush Mountain Lion stuffed Animal Plush Toy Medium,Toys & Games | Puppets & Puppet Theaters | Hand Puppets,$23.49,https://www.amazon.com/National-Geographic-Mountain-stuffed-Animal/dp/B00JDDQGGM,"Cuddle up with this adorable National Geographic Medium Plush Mountain Lion!  Perfect for imaginative play, this soft and huggable hand puppet brings the wild into your home.  A great gift for kids of all ages who love animals."
20,"Disney ""Cars 2"" Paint By Numbers, Party Favor",Toys & Games | Party Supplies | Party Favors,$7.39,https://www.amazon.com/Disney-Paint-Numbers-Party-Favor/dp/B008RQV4OK,"Disney Cars 2 Paint by Numbers Party Favors – Fun & Engaging Activity for Kids' Parties!  Perfect party supplies for birthdays or any Cars-themed celebration.  Easy-to-paint, ready-to-go, individual kits."
21,3 Row - Black with White Game Card Box,Toys & Games | Collectible Toys | Collectible Display & Storage | Card Storage & Display | Cases,$19.80,https://www.amazon.com/Row-Black-White-Game-Card/dp/B073513HH6,"Organize and protect your valuable trading cards with this sleek 3-Row Black with White Game Card Box.  Perfect for collectors, this case offers ample storage and stylish display.  Durable construction ensures your cards stay safe. Shop now for superior card protection!"
22,"Filter-Mate Sulfur Odor Neutralizer, 1 Gal. Bottle",Home & Kitchen | Home Décor | Kids' Room Décor | Rugs,$17.40,https://www.amazon.com/Filter-Mate-Sulfur-Odor-Neutralizer-Bottle/dp/B0784ND162,"Banish foul odors with Filter-Mate Sulfur Odor Neutralizer! This 1-gallon bottle effectively eliminates sulfur smells from your home,  making your kids' rooms, rugs, and entire living space fresher and cleaner.  Ideal for pet owners and those tackling musty smells.  Shop now for a healthier, happier home."
23,"""Winnipeg Jets Collection"" Bulk Cutout, Party Decoration",Toys & Games | Party Supplies,$6.17,https://www.amazon.com/Winnipeg-Hockey-Laminated-Cardstock-Decoration/dp/B00BFX8J18,"Go Jets Go!  Decorate your Winnipeg Jets party with this bulk pack of fun, festive cutouts. Perfect for kids and adults, these vibrant decorations are a must-have for your next hockey celebration.  Create an unforgettable game day atmosphere!"
24,Barbie Star Trek 50th Anniversary Kirk Doll,Toys & Games | Dolls & Accessories | Dolls,$32.53,https://www.amazon.com/Barbie-Star-Trek-50th-Anniversary/dp/B01AT5MISM,"Celebrate Star Trek's 50th anniversary with this collectible Barbie doll, featuring Captain Kirk!  A must-have for Star Trek and Barbie fans. Perfect gift for collectors."
25,"Anagram Balloons 2827901 Foil Balloon, 34"", Blue",Toys & Games | Party Supplies,$7.00,https://www.amazon.com/Anagram-Balloons-2827901-Foil-Balloon/dp/B00FGXZSYO,"Make a statement with this giant 34"" blue Anagram Foil Balloon! Perfect for birthdays, parties, and celebrations, this eye-catching balloon is sure to add a touch of fun to any event.  High-quality foil ensures long-lasting inflation.  Shop now for your next party!"
26,PROLINE 991533 B&W Decal,Toys & Games | Hobbies | Remote & App Controlled Vehicles & Parts | Remote & App Controlled Vehicle Parts,$12.64,https://www.amazon.com/PROLINE-991533-B-W-Decal/dp/B000BONLKQ,"Upgrade your RC vehicle with the PROLINE 991533 B&W Decal.  This high-quality decal adds a custom touch to your remote control car, truck, or buggy.  Perfect for personalization and detailing, enhancing both look and performance.  Shop now!"
27,Legend of the Five Rings Beginner Game,Toys & Games | Games & Accessories | Card Games,$34.99,https://www.amazon.com/Legend-Five-Rings-Beginner-Game/dp/163344337X,"Step into the mystical world of Rokugan with the Legend of the Five Rings Beginner Game!  This easy-to-learn card game is perfect for new players, offering a captivating strategy experience.  Master the art of honor, cunning, and powerful clans in this complete starter set.  Begin your L5R journey today!"
28,"Viking Toys 1975 Cute Rider Kids Ride On Toy, Bunny, Pink/White",Toys & Games | Toy Figures & Playsets | Action Figures,$60.00,https://www.amazon.com/Viking-Toys-1975-Rider-Bunny/dp/B07ZR2JHGB,Adorable Viking Toys 1975 Bunny Ride-On! This vintage-inspired pink & white bunny is a collectible action figure and kids' ride-on toy. Perfect for imaginative play!  #vintagetoys #rideontoy #bunny #kids toys #actionfigures #collectibletoys
29,"Transformers Toys Generations War for Cybertron Deluxe Wfc-S37 Brunt Weaponizer Action Figure - Siege Chapter - Adults & Kids Ages 8 & Up, 5",Toys & Games | Toy Figures & Playsets | Action Figures,$16.00,https://www.amazon.com/Tra-Gen-Wfc-Deluxe-Brunt/dp/B07JW4CCJ8,"Unleash the firepower of Brunt! This Transformers Generations War for Cybertron Deluxe WFC-S37 Brunt Weaponizer action figure is perfect for kids and collectors ages 8+.  Transform Brunt and equip him with his powerful weaponry for epic Siege Chapter battles.  Highly detailed and poseable, this 5-inch collectible figure is a must-have for any Transformers fan."
30,"Modular Robotics Cubelets Robot Blocks - Code & Construct Educator Pack - STEM Education & Coding Robot, Free Lesson Plans, Ages 4+",Toys & Games | Learning & Education | Science Kits & Toys,"$1,734.00",https://www.amazon.com/Cubelets-Code-Construct-Education-Pack/dp/B0751TLWX3,"Unleash your child's inner engineer with Cubelets Robot Blocks! This educator pack makes STEM learning fun & easy for ages 4+.  Modular blocks connect magnetically, letting kids code & construct robots without screens. Includes free lesson plans! Perfect for early coding, robotics, and creative problem-solving.  #STEMtoys #CodingRobots #RoboticsforKids #EducationalToys #Cubelets"
31,BanBao Farm City Building Kit (541 Piece),Toys & Games | Building Toys,$48.43,https://www.amazon.com/BanBao-Farm-City-Building-Piece/dp/B01LEXLVUO,"Unleash your child's imagination with the BanBao Farm City Building Kit (541 pieces)! This exciting construction toy combines farm fun with city adventures, offering endless building possibilities.  Perfect for developing creativity and fine motor skills.  Shop now for hours of engaging playtime!"
32,"Forum Novelties Prince Charming Child's Costume, Small",Toys & Games | Dress Up & Pretend Play | Costumes,$17.75,https://www.amazon.com/Forum-Novelties-Prince-Charming-Costume/dp/B00BFWA7Z0,"Transform your child into a fairytale prince with the Forum Novelties Prince Charming Child's Costume! This charming costume, perfect for dress-up play and Halloween, includes a detailed tunic and pants.  Ideal for small children.  Get ready for royal adventures!"
33,"Fisher-Price Disney Mickey & the Roadster Racers, Mickey Hot Rod Supercharged",Toys & Games | Play Vehicles | Die-Cast Vehicles,$3.99,https://www.amazon.com/Fisher-Price-Disney-Mickey-Roadster-Supercharged/dp/B078SWNW2J,"Mickey Mouse's supercharged hot rod! This Fisher-Price Disney Mickey & Roadster Racers die-cast vehicle is perfect for young collectors and fans.  Detailed design, durable metal body.  Great gift for preschoolers!"
34,Board & Dice Inuit: The Snow Folk,Toys & Games | Games & Accessories | Board Games,$36.12,https://www.amazon.com/Board-Dice-Inuit-Snow-Folk/dp/B07QDT7KLP,Experience the captivating world of Inuit: The Snow Folk! This award-winning board game immerses players in a thrilling strategy game of resource management and cultural preservation.  Perfect for families and experienced gamers alike.  Ages 10+.
35,NATIONAL GEOGRAPHIC Snake Plush - Medium Size,Toys & Games | Puppets & Puppet Theaters | Hand Puppets,$24.99,https://www.amazon.com/National-Geographic-Snake-Plush-Medium/dp/B00JDDPZMS,"National Geographic Snake Plush Hand Puppet:  A medium-sized, realistically designed snake puppet perfect for imaginative play.  High-quality, soft materials. Ideal for kids and puppet shows."
36,"Jabber Ball Cat Junior, Yellow",Toys & Games | Baby & Toddler Toys,$12.20,https://www.amazon.com/Jabber-Ball-Squeak-Figure-Yellow/dp/B01KQUK26U,"Engage your little one with the Jabber Ball Cat Junior in sunny yellow! This playful baby toy is perfect for developing sensory skills and hand-eye coordination.  Soft, safe, and stimulating, it's the ideal gift for toddlers."
37,"Ravensburger Underwater Adventure 300 Piece Jigsaw Puzzle for Kids – Every Piece is Unique, Pieces Fit Together Perfectly",Toys & Games | Puzzles | Jigsaw Puzzles,$13.99,https://www.amazon.com/Ravensburger-Underwater-Adventure-Jigsaw-Puzzle/dp/B0032VY2XK,"Dive into fun with Ravensburger's Underwater Adventure 300-piece jigsaw puzzle!  Perfect for kids, this puzzle features unique, perfectly fitting pieces for a smooth puzzling experience.  Explore vibrant underwater scenes and develop problem-solving skills.  300 pieces."
38,Prism Kite Technology Neutrino in Orange and Yellow,Toys & Games | Sports & Outdoor Play | Kites & Wind Spinners | Kites,$55.29,https://www.amazon.com/Prism-Kite-Technology-Neutrino-Orange/dp/B07L938T7D,"Soar to new heights with the Prism Kite Technology Neutrino! This vibrant orange and yellow kite is perfect for kids and adults, offering easy launch and impressive flight performance.  Lightweight yet durable, it's ideal for breezy days. Grab yours and experience the thrill!"
40,Steve Spangler's Newton's Beads Science Experiment Kit Activity for Kids,Toys & Games | Learning & Education | Science Kits & Toys,$23.48,https://www.amazon.com/Steve-Spangler-Science-Newtons-Beads/dp/B07B9STQHW,"Unleash your child's inner scientist with Steve Spangler's Newton's Beads! This captivating science experiment kit brings the wonders of physics to life, making learning fun and engaging. Perfect for curious minds, this kit provides hours of hands-on STEM activity.  Ideal for kids' science projects, homeschooling, or just plain fun!"
41,Terra by Battat – Wild Animals – Assorted Miniature Wild Animal Toys & Cake Toppers For Kids 3+ (60 Pc),Toys & Games | Toy Figures & Playsets | Playsets & Vehicles | Playsets,$13.78,https://www.amazon.com/Terra-Battat-Animals-Assorted-Miniature/dp/B00TYO5UKI,"Unleash the wild with Terra by Battat's 60-piece miniature wild animal set! Perfect for imaginative play, cake decorating, or party favors, these adorable animal toys are ideal for kids aged 3+.  Create exciting adventures or decorate delicious cakes – the possibilities are endless!  #wildanimals #miniatureanimals #caketoppers #kidsanimals #animaltoys #playset #terrabybattat"
42,"Amscan Bow Tie, Party Accessory, Green",Toys & Games | Dress Up & Pretend Play | Accessories,$7.16,https://www.amazon.com/Amscan-Costume-Party-Accessory-Fabric/dp/B00A3VDT8G,"Dress up in style with this Amscan Green Bow Tie! Perfect for pretend play, parties, or any dress-up occasion.  This fun accessory adds a touch of sophistication to any costume.  Great for kids and adults!"
43,"Lionel Racing, Paul Menard, Motorcraft, 2019, Ford Mustang, NASCAR Diecast 1: 64 Scale",Sports & Outdoors | Fan Shop | Toys & Game Room | Toy Vehicles,$7.99,https://www.amazon.com/Lionel-Racing-Motorcraft-Mustang-Diecast/dp/B07VQW7HZS,"Authentic Lionel 1:64 scale diecast of Paul Menard's 2019 Motorcraft Ford Mustang NASCAR!  A must-have for any racing fan's collection.  Detailed replica, perfect for display or play."
44,"Education Outdoors Moose Pet Pod, One Color, One Size",Toys & Games | Stuffed Animals & Plush Toys,$15.03,https://www.amazon.com/Education-Outdoors-Moose-Color-Size/dp/B00KOJYWWY,Adorable Education Outdoors Moose Pet Pod Plush Toy!  Perfect for snuggles and imaginative play. One size fits all.  High-quality materials ensure lasting fun. Shop now!
45,"Lionel Racing Dale Earnhardt Jr, 1:24 Scale, Nationwide Raw Finish",Toys & Games | Hobbies | Models & Model Kits | Pre-Built & Diecast Models | Vehicles,$72.24,https://www.amazon.com/Lionel-Racing-Dale-Earnhardt-Jr/dp/B079FH7BS2,Authentic Dale Earnhardt Jr. 1:24 scale diecast car. Nationwide Raw Finish.  Collectible model car for racing fans.  Perfect gift for NASCAR enthusiasts.
46,"Handy Art Little Masters Washable Tempera Paint, Gallon, Orange","Arts, Crafts & Sewing | Painting, Drawing & Art Supplies | Painting | Paints",$18.25,https://www.amazon.com/Handy-Art%C2%AE-Masters-Washable-Tempera/dp/B004DJ552W,"Unleash your inner artist with Handy Art Little Masters Washable Tempera Paint in vibrant Orange! This gallon-sized container provides ample paint for large projects, schools, or studios.  Easy cleanup makes it perfect for kids and beginners.  Non-toxic and washable, it's a safe and fun choice for all ages. Shop now for this high-quality tempera paint!"
47,ThreeZero Ghost in The Shell Movie Major 1:6 Scale Figure,Toys & Games | Toy Figures & Playsets | Action Figures,$101.04,https://www.amazon.com/ThreeZero-Ghost-Shell-Movie-Major/dp/B071NT3QFF,Highly detailed 1:6 scale ThreeZero Ghost in the Shell Major action figure.  Collectible figure for fans of anime and sci-fi.  Pre-order yours today!
48,Noch 45091 Police Officers Blue Tt Scale Figures,Toys & Games | Hobbies | Trains & Accessories | Accessories | Scenery,$9.58,https://www.amazon.com/Noch-45091-Police-Officers-Figures/dp/B00LEC3OCE,Highly detailed Noch 45091 Police Officers (blue) TT scale figures for model train enthusiasts.  Perfect for adding realistic detail to your railway scenery.  Bring your layout to life!
49,"Nuby 22020 iMonster Toddler Plate, One Size, Blue",Home & Kitchen | Kitchen & Dining | Dining & Entertaining | Dinnerware,$18.96,https://www.amazon.com/Nuby-Deluxe-Monster-Feeding-Set/dp/B06XVJW9RR,"Fun, functional, and frustration-free mealtimes!  The Nuby 22020 iMonster Toddler Plate features a playful blue monster design to make eating enjoyable for your little one.  Perfect for toddlers, this durable plate is ideal for everyday use. Shop now for happy mealtimes!"
50,"Stephan Baby Plush Knotty Animal Security Blankie, Lamb","Baby Products | Baby Care | Pacifiers, Teethers & Teething Relief | Teethers",$8.99,https://www.amazon.com/Stephan-Baby-Knotty-Security-Blankie/dp/B073RLFVN8,"Soothe baby's teething pain and provide comfort with the Stephan Baby Plush Knotty Animal Security Lamb Blankie.  This soft, cuddly lamb is perfect for little ones, offering a safe and textured teether for gentle chewing.  A must-have for soothing baby's gums and promoting a sense of security."
51,Quiddler and WordSpiel Bundle,Toys & Games | Games & Accessories | Card Games,$24.49,https://www.amazon.com/SET-Enterprises-Quiddler-WordSpiel-Bundle/dp/B01N5SGHOI,"Unleash your inner wordsmith with the Quiddler & WordSpiel Bundle!  This exciting card game combo offers hours of fun for families and friends.  Perfect for travel, parties, or quiet evenings, sharpen your vocabulary and test your letter-slinging skills.  Buy now and experience the thrill of word creation!"
52,"Learning Resources Snap-n-Learn Rainbow Color, Shape, Letter Owls",Toys & Games | Learning & Education,$14.99,https://www.amazon.com/Learning-Resources-Snap-n-Learn-Rainbow-Letter/dp/B07MV4QTPN,"Learn colors, shapes, and letters with these fun Snap-n-Learn Rainbow Owls!  Perfect for preschoolers, these colorful owls offer hands-on learning through snap-together pieces. Develop fine motor skills and early learning concepts.  Ideal for toddlers and kids aged 3+."
53,"Premier 99434 Spin Dynamos Kite Laundry Spinner, 14-Inch, Patriotic",Toys & Games | Sports & Outdoor Play | Kites & Wind Spinners | Wind Spinners,$22.06,https://www.amazon.com/Premier-99434-Dynamos-Laundry-Patriotic/dp/B000MVLE66,"Add vibrant patriotic flair to your outdoor space with the Premier 99434 Spin Dynamos Kite Laundry Spinner! This 14-inch spinner boasts a dazzling design, sure to catch the eye and delight with its mesmerizing spin in the slightest breeze.  Perfect for gardens, yards, or patios.  Easy to assemble and enjoy!"
54,Small World Toys Fashion - Designer Dress a Doll - Sophia Plush Purse,Toys & Games | Arts & Crafts | Craft Kits | Sewing,$7.29,https://www.amazon.com/Small-World-Toys-Fashion-Designer/dp/B017A6AQOQ,"Unleash your child's creativity with the Small World Toys Fashion Designer Dress-a-Doll Sophia Plush Purse! This adorable craft kit lets kids design and decorate Sophia's stylish purse, fostering imagination and fine motor skills. Perfect for sewing beginners, it's a fun and engaging activity for hours of playtime.  Includes all materials needed."
55,Costume Sunglasses Stitch Sun-Staches Party Favors UV400,Toys & Games | Dress Up & Pretend Play,$31.00,https://www.amazon.com/Costume-Sunglasses-Stitch-Sun-Staches-Favors/dp/B07581CXW2,"Stitch up some fun with these adorable Costume Sunglasses!  Perfect party favors for kids, these UV400 protective sun-staches offer safe and stylish fun for pretend play.  Great for themed parties and everyday adventures."
56,"Janlynn Cool Cord Friendship Bracelet Pack, Makes 100 Bracelets",Toys & Games | Arts & Crafts | Craft Kits | Jewelry,$19.99,https://www.amazon.com/Janlynn-Friendship-Bracelet-Makes-Bracelets/dp/B00IRI174A,"Make 100 trendy friendship bracelets with the Janlynn Cool Cord Friendship Bracelet Kit! This complete craft kit is perfect for kids and adults, offering hours of creative fun. Includes all materials needed – just add friendship!  Great for parties, gifts, or personal enjoyment. #friendshipbracelets #craftkit #jewelrymaking #kidscrafts #artsandcrafts"
57,LEISURE ARTS A Dishcloth A Month,Home & Kitchen | Home Décor | Kids' Room Décor,$5.68,https://www.amazon.com/LEISURE-ARTS-LA-75558-Leisure-Dishcloth/dp/B00YD0Q59I,"Adorable & functional dishcloths!  LEISURE ARTS' ""A Dishcloth A Month"" collection adds charming style to your kitchen or kids' room.  Perfect for everyday use or as unique home décor.  Shop now!"
58,VTech Zoo Jamz Piano (Frustration Free Packaging),Toys & Games | Learning & Education | Musical Instruments | Pianos & Keyboards,$23.94,https://www.amazon.com/VTech-80-179100-Zoo-Jamz-Piano/dp/B01COSEDBM,"Unleash your little one's musical talent with the VTech Zoo Jamz Piano! This fun, educational toy features colorful animal keys, lights, and sounds to engage your child's senses.  Perfect for toddlers, this frustration-free packaged piano fosters creativity and early music development.  Shop now for hours of playful learning!"
60,"Gamago SF1705 Yeti Heatable Huggable Pillow, One Size, Blue/White",Toys & Games | Stuffed Animals & Plush Toys | Plush Pillows,$22.68,https://www.amazon.com/GAMAGO-Huggable-Pillow-Heatable-White/dp/B0772KJL55,"Cozy up with the Gamago SF1705 Yeti Heatable Huggable Pillow! This adorable blue and white Yeti plush pillow provides soothing warmth and cuddly comfort. Perfect for kids and adults, it's the ideal snuggle buddy for bedtime or chilly evenings.  Heatable for extra comfort. One size fits all."
61,Disney Pixar Cars Deluxe Van Scanlane,Toys & Games | Play Vehicles | Toy Vehicles,$8.40,https://www.amazon.com/Disney-Cars-Deluxe-Dinoco-Scanlane/dp/B0751HLNFS,Rev up your playtime with the Disney Pixar Cars Deluxe Van Scanlane! This detailed die-cast vehicle is perfect for recreating favorite movie moments or creating new adventures.  A must-have for any Cars fan!
62,Sweet Safari Girl Giant Sign Banner,Toys & Games | Party Supplies | Banners,$6.69,https://www.amazon.com/Sweet-Safari-Girl-Giant-Banner/dp/B015DGM4F4,"Roar into adventure with our Sweet Safari Girl Giant Sign Banner!  Perfect for birthdays, jungle-themed parties, or any safari celebration. This large, vibrant banner adds a touch of wild fun to your event.  Shop now for easy party decorations!"
63,"The Original PlasmaCar by PlaSmart – Purple – Ride On Toy, Ages 3 yrs and Up, No batteries, gears, or pedals, Twist, Turn, Wiggle for endless fun","Toys & Games | Tricycles, Scooters & Wagons | Ride-On Toys & Accessories",$69.99,https://www.amazon.com/Original-PlasmaCar-PlaSmart-batteries-endless/dp/B000LJEKME,"Experience friction-free fun with the Original PlasmaCar by PlaSmart!  This purple ride-on toy (ages 3+) requires no batteries, gears, or pedals – just twist, turn, and wiggle for endless hours of active play. Perfect for developing coordination and balance.  Shop now!"
64,"Intelex My First Warmies Microwavable French Lavender Scented Plush, Elephant, One Size",Toys & Games | Stuffed Animals & Plush Toys | Stuffed Animals & Teddy Bears,$24.75,https://www.amazon.com/Intelex-Warmies-Microwavable-Lavender-Elephant/dp/B07VTXCTRZ,"Snuggle up with Intelex My First Warmies Microwavable French Lavender Scented Plush Elephant! This adorable, one-size elephant offers soothing warmth and a calming lavender scent, perfect for comforting little ones.  Safe for microwaving, it's the ideal cuddly friend for bedtime or playtime.  Shop now for a huggable, fragrant, and comforting plush toy."
65,Carson Dellosa Animals Stickers (168094),Toys & Games | Arts & Crafts | Stickers,$5.99,https://www.amazon.com/Carson-Dellosa-Animals-Stickers-168094/dp/1620570726,"Carson Dellosa Animals Stickers (168094): Unleash creativity with 1000+ vibrant animal stickers! Perfect for arts & crafts, scrapbooks, and more.  Fun for kids of all ages.  #animal stickers #stickers #carsondellosa #artsandcrafts #kidsactivities"
66,"RPM Rear Shock Tower for The Nitro Slash, Nitro Stampede, Nitro Rustler and Nitro Sport, Black",Toys & Games | Hobbies | Remote & App Controlled Vehicles & Parts | Remote & App Controlled Vehicle Parts,$9.06,https://www.amazon.com/RPM-Shock-Tower-Stampede-Rustler/dp/B000VQML1O,"Upgrade your Nitro Slash, Stampede, Rustler, and Sport RC vehicles with this durable black RPM rear shock tower.  Enhanced strength and performance for extreme off-road action.  Direct replacement for factory parts. #RCParts #NitroRC #ShockTower #RPM"
67,"Carstens PB309 Animal Coin Banks - 12"" Mountain Goat Plush Animals",Toys & Games | Stuffed Animals & Plush Toys | Plush Interactive Toys,$23.00,https://www.amazon.com/Carstens-PB309-Animal-Coin-Banks/dp/B07634NDTX,"Adorable 12"" Mountain Goat Plush Coin Bank!  This soft, cuddly Carstens PB309 animal bank is perfect for kids saving their money.  High-quality plush, fun design.  Great gift! #plushtoy #coinbank #mountaingoat #stuffedanimal #kidsgift"
69,CMC-Classic Model Cars Auto Union Type C 1937 German Hillclimb #111 Struck Limited Edition Vehicle,Toys & Games | Hobbies,$344.97,https://www.amazon.com/CMC-Classic-Model-Cars-USA-Hillclimb/dp/B072JPRS6B,"Collectible Auto Union Type C 1937 German Hillclimb #111 diecast model car.  Limited edition CMC-Classic model, meticulously detailed. Perfect for car enthusiasts and collectors.  Shop now!"
70,Jasmine Classic Wand,"Clothing, Shoes & Jewelry | Costumes & Accessories | Kids & Baby | Girls | Accessories",$15.97,https://www.amazon.com/Jasmine-Classic-Disney-Princess-Aladdin/dp/B01BVF6DI0,"Transform your little princess into a magical Jasmine with this enchanting Jasmine Classic Wand!  Perfect for Halloween, dress-up, or everyday imaginative play.  High-quality, child-safe design.  Buy now for your Disney-loving girl!"
71,Rubie's Costume Gomez The Addams Family Animated Child Costume,"Clothing, Shoes & Jewelry | Costumes & Accessories | Women | Costumes & Cosplay Apparel | Costumes",$5.99 - $36.43,https://www.amazon.com/Addams-Family-Animated-Costume-Medium/dp/B07MTG85YN,"Step into the spooky-chic world of the Addams Family with Rubie's Costume Gomez Addams Animated Child Costume! This officially licensed costume features a vibrant design inspired by the beloved animated series. Perfect for Halloween, parties, or cosplay, this child's costume ensures your little one will be the most stylish ghoul around.  Get yours today!"
72,"Rollerblade Macroblade 84 ABT Women's Adult Fitness Inline Skate, Emerald Green and Cherry, Performance Inline Skates","Sports & Outdoors | Outdoor Recreation | Skates, Skateboards & Scooters | Inline & Roller Skating | Roller Skates | Outdoor Skates",$67.99,https://www.amazon.com/Rollerblade-Macroblade-Fitness-Emerald-Performance/dp/B01N40CIG0,Experience superior comfort and performance with the Rollerblade Macroblade 84 ABT Women's Inline Skates.  These emerald green and cherry adult fitness skates feature a supportive design perfect for outdoor skating.  Enjoy smooth glides and effortless strides. Upgrade your fitness routine today!
73,Riverboat,Toys & Games | Games & Accessories | Board Games,$48.99,https://www.amazon.com/Asmodee-LK3526-Riverboat/dp/B0771JHPYT,"Embark on thrilling river adventures with Riverboat, the captivating board game for families and friends! Navigate treacherous waters, collect treasures, and outsmart your opponents in this exciting game of strategy and luck. Perfect for ages 8+, Riverboat offers hours of fun for 2-4 players.  Get yours today!"
74,Carson Dellosa Snowflakes Dazzle Stickers (2925),Toys & Games | Arts & Crafts | Stickers,$5.73,https://www.amazon.com/Carson-Dellosa-Snowflakes-Dazzle-Stickers/dp/159441825X,"Unleash winter wonder with Carson Dellosa Snowflakes Dazzle Stickers!  Perfect for holiday crafts, cards, and more, these dazzling stickers offer endless creative possibilities.  Add sparkle to your projects with this large pack of diverse snowflake designs.  Great for kids and adults! #snowflakestickers #holidaycrafts #stickers #carsondellosa #wintercrafts"
75,DC Comics Multiverse Suicide Squad The Joker Figure,Toys & Games | Toy Figures & Playsets | Action Figures,$17.88,https://www.amazon.com/Comics-Multiverse-Suicide-Squad-Figure/dp/B01BTIV5F0,"Unleash chaos with the DC Comics Multiverse Suicide Squad The Joker action figure!  Highly detailed and incredibly poseable, this collectible figure is a must-have for any DC fan. Add this iconic villain to your collection today!"
